[
  {
    "name": "theme_info",
    "theme_name": "Topped It",
    "theme_version": "1.0.0",
    "theme_author": "Topped It",
    "theme_documentation_url": "",
    "theme_support_url": ""
  },
  {
    "name": "Colors",
    "settings": [
      {
        "type": "header",
        "content": "Primary Colors"
      },
      {
        "type": "color",
        "id": "color_background",
        "label": "Background",
        "default": "#f5f0e8"
      },
      {
        "type": "color",
        "id": "color_foreground",
        "label": "Text color",
        "default": "#2e2316"
      },
      {
        "type": "color",
        "id": "color_primary",
        "label": "Primary (Walnut)",
        "default": "#5c4033"
      },
      {
        "type": "color",
        "id": "color_accent",
        "label": "Accent (Gold)",
        "default": "#c9a227"
      },
      {
        "type": "color",
        "id": "color_card",
        "label": "Card background",
        "default": "#f7f3ed"
      },
      {
        "type": "color",
        "id": "color_muted",
        "label": "Muted text",
        "default": "#8a7a6a"
      },
      {
        "type": "color",
        "id": "color_border",
        "label": "Border color",
        "default": "#e0d8cc"
      }
    ]
  },
  {
    "name": "Typography",
    "settings": [
      {
        "type": "font_picker",
        "id": "font_heading",
        "label": "Heading font",
        "default": "bebas_neue_n4"
      },
      {
        "type": "font_picker",
        "id": "font_body",
        "label": "Body font",
        "default": "inter_n4"
      }
    ]
  },
  {
    "name": "Sale & Promotions",
    "settings": [
      {
        "type": "header",
        "content": "Sale Settings"
      },
      {
        "type": "range",
        "id": "sale_discount_percent",
        "label": "Sale discount percentage",
        "min": 0,
        "max": 80,
        "step": 5,
        "default": 45,
        "unit": "%"
      },
      {
        "type": "checkbox",
        "id": "sale_enabled",
        "label": "Enable sale pricing",
        "default": true
      },
      {
        "type": "checkbox",
        "id": "show_sale_ticker",
        "label": "Show sale countdown ticker",
        "default": true
      },
      {
        "type": "checkbox",
        "id": "show_purchase_notifications",
        "label": "Show purchase notifications",
        "default": true
      },
      {
        "type": "range",
        "id": "free_shipping_threshold",
        "label": "Free shipping threshold (R)",
        "min": 0,
        "max": 2000,
        "step": 50,
        "default": 500
      }
    ]
  },
  {
    "name": "Social Media",
    "settings": [
      {
        "type": "text",
        "id": "social_instagram",
        "label": "Instagram URL",
        "default": "https://instagram.com/toppedit.za"
      },
      {
        "type": "text",
        "id": "social_facebook",
        "label": "Facebook URL",
        "default": "https://facebook.com/toppedit"
      },
      {
        "type": "text",
        "id": "social_email",
        "label": "Contact email",
        "default": "hello@toppedit.co.za"
      }
    ]
  },
  {
    "name": "Favicon",
    "settings": [
      {
        "type": "image_picker",
        "id": "favicon",
        "label": "Favicon image"
      }
    ]
  }
]
